{
    "Score": {
        "f1": 0.678304761904762,
        "exact_match": 0.4785714285714286
    },
    "Model": {
        "Qwen/Qwen3-8B": {
            "f1": 0.7276666666666667,
            "exact_match": 0.542
        },
        "Qwen/Qwen3-30B-A3B-Instruct-2507": {
            "f1": 0.7341333333333332,
            "exact_match": 0.544
        },
        "meta-llama/Llama-3.1-8B-Instruct": {
            "f1": 0.6365333333333334,
            "exact_match": 0.274
        },
        "meta-llama/Llama-3.2-3B-Instruct": {
            "f1": 0.33493333333333336,
            "exact_match": 0.13
        },
        "microsoft/Phi-4-mini-instruct": {
            "f1": 0.7588666666666667,
            "exact_match": 0.452
        },
        "mistralai/Mistral-7B-Instruct-v0.3": {
            "f1": 0.852,
            "exact_match": 0.83
        },
        "zai-org/GLM-4.5-Air": {
            "f1": 0.704,
            "exact_match": 0.578
        }
    }
}