{
    "Score": {
        "f1": 0.70482,
        "exact_match": 0.4816
    },
    "Model": {
        "Qwen/Qwen3-8B": {
            "f1": 0.6818666666666666,
            "exact_match": 0.442
        },
        "Qwen/Qwen3-30B-A3B-Instruct-2507": {
            "f1": 0.7717999999999999,
            "exact_match": 0.568
        },
        "Qwen/Qwen3-32B": {
            "f1": 0.8210666666666666,
            "exact_match": 0.676
        },
        "meta-llama/Llama-3.1-8B-Instruct": {
            "f1": 0.6238666666666668,
            "exact_match": 0.262
        },
        "meta-llama/Llama-3.2-3B-Instruct": {
            "f1": 0.4026666666666667,
            "exact_match": 0.12
        },
        "meta-llama/Llama-3.3-70B-Instruct": {
            "f1": 0.7786,
            "exact_match": 0.588
        },
        "microsoft/Phi-4-mini-instruct": {
            "f1": 0.6540666666666666,
            "exact_match": 0.24
        },
        "mistralai/Mistral-7B-Instruct-v0.3": {
            "f1": 0.7794666666666668,
            "exact_match": 0.76
        },
        "mistralai/Mistral-Large-Instruct-2411": {
            "f1": 0.8061333333333333,
            "exact_match": 0.574
        },
        "zai-org/GLM-4.5-Air": {
            "f1": 0.7286666666666666,
            "exact_match": 0.586
        }
    }
}