{
    "Score": {
        "f1": 0.7293235704323571,
        "exact_match": 0.4497907949790795
    },
    "Model": {
        "gpt-4.1-nano": {
            "f1": 0.8091352859135286,
            "exact_match": 0.6778242677824268
        },
        "gpt-4o-mini": {
            "f1": 0.6495118549511856,
            "exact_match": 0.2217573221757322
        }
    }
}