{
    "Score": {
        "f1": 0.8860350877192982,
        "exact_match": 0.7837593984962405
    },
    "Model": {
        "Qwen/Qwen3-8B": {
            "f1": 0.9212297410192146,
            "exact_match": 0.8105263157894737
        },
        "Qwen/Qwen3-30B-A3B-Instruct-2507": {
            "f1": 0.9560000000000001,
            "exact_match": 0.8821052631578947
        },
        "Qwen/Qwen3-32B": {
            "f1": 0.949032581453634,
            "exact_match": 0.871578947368421
        },
        "deepseek-reasoner": {
            "f1": 0.9696307435254804,
            "exact_match": 0.9284210526315789
        },
        "gpt-4.1-nano": {
            "f1": 0.8619097744360902,
            "exact_match": 0.7789473684210526
        },
        "gpt-4o-mini": {
            "f1": 0.9100367585630744,
            "exact_match": 0.7726315789473684
        },
        "gpt-5-mini": {
            "f1": 0.9661286549707602,
            "exact_match": 0.9052631578947369
        },
        "meta-llama/Llama-3.1-8B-Instruct": {
            "f1": 0.9110827067669174,
            "exact_match": 0.7978947368421052
        },
        "meta-llama/Llama-3.2-3B-Instruct": {
            "f1": 0.5528471177944861,
            "exact_match": 0.3663157894736842
        },
        "meta-llama/Llama-3.3-70B-Instruct": {
            "f1": 0.8839866332497911,
            "exact_match": 0.7789473684210526
        },
        "microsoft/Phi-4-mini-instruct": {
            "f1": 0.8107635756056809,
            "exact_match": 0.5831578947368421
        },
        "mistralai/Mistral-7B-Instruct-v0.3": {
            "f1": 0.8085914786967418,
            "exact_match": 0.7221052631578947
        },
        "mistralai/Mistral-Large-Instruct-2411": {
            "f1": 0.955953216374269,
            "exact_match": 0.9010526315789473
        },
        "zai-org/GLM-4.5-Air": {
            "f1": 0.9472982456140351,
            "exact_match": 0.8736842105263158
        }
    }
}