{
    "Score": {
        "f1": 0.791892832289492,
        "exact_match": 0.6356993736951984
    },
    "Model": {
        "deepseek-reasoner": {
            "f1": 0.8218510786360472,
            "exact_match": 0.7160751565762005
        },
        "gpt-5-mini": {
            "f1": 0.7619345859429367,
            "exact_match": 0.5553235908141962
        }
    }
}