{
    "Score": {
        "f1": 0.7653668058977516,
        "exact_match": 0.5855857153677376
    },
    "Model": {
        "Qwen/Qwen3-32B": {
            "f1": 0.8236198462613558,
            "exact_match": 0.6352201257861635
        },
        "deepseek-reasoner": {
            "f1": 0.7965901183020182,
            "exact_match": 0.697286012526096
        },
        "gpt-5-mini": {
            "f1": 0.7573416840640222,
            "exact_match": 0.5949895615866388
        },
        "microsoft/Phi-4-mini-instruct": {
            "f1": 0.6839155749636099,
            "exact_match": 0.4148471615720524
        }
    }
}