{
    "Score": {
        "f1": 0.6808266666666667,
        "exact_match": 0.47120000000000006
    },
    "Model": {
        "Qwen/Qwen3-8B": {
            "f1": 0.6630666666666666,
            "exact_match": 0.478
        },
        "Qwen/Qwen3-30B-A3B-Instruct-2507": {
            "f1": 0.72,
            "exact_match": 0.526
        },
        "Qwen/Qwen3-32B": {
            "f1": 0.7473333333333333,
            "exact_match": 0.506
        },
        "meta-llama/Llama-3.1-8B-Instruct": {
            "f1": 0.5878666666666666,
            "exact_match": 0.204
        },
        "meta-llama/Llama-3.2-3B-Instruct": {
            "f1": 0.2709333333333333,
            "exact_match": 0.124
        },
        "meta-llama/Llama-3.3-70B-Instruct": {
            "f1": 0.7795333333333333,
            "exact_match": 0.552
        },
        "microsoft/Phi-4-mini-instruct": {
            "f1": 0.726,
            "exact_match": 0.41
        },
        "mistralai/Mistral-7B-Instruct-v0.3": {
            "f1": 0.8141333333333335,
            "exact_match": 0.78
        },
        "mistralai/Mistral-Large-Instruct-2411": {
            "f1": 0.7940666666666666,
            "exact_match": 0.574
        },
        "zai-org/GLM-4.5-Air": {
            "f1": 0.7053333333333333,
            "exact_match": 0.558
        }
    }
}