{
    "Score": {
        "f1": 0.8903592314118631,
        "exact_match": 0.7936842105263158
    },
    "Model": {
        "gpt-4.1-nano": {
            "f1": 0.868155388471178,
            "exact_match": 0.791578947368421
        },
        "gpt-4o-mini": {
            "f1": 0.9125630743525481,
            "exact_match": 0.7957894736842105
        }
    }
}