{
    "Score": {
        "f1": 0.7882596134688183,
        "exact_match": 0.591303048416019
    },
    "Model": {
        "Qwen/Qwen3-8B": {
            "f1": 0.8140864714086471,
            "exact_match": 0.6108786610878661
        },
        "Qwen/Qwen3-30B-A3B-Instruct-2507": {
            "f1": 0.8382147838214783,
            "exact_match": 0.6652719665271967
        },
        "Qwen/Qwen3-32B": {
            "f1": 0.855718270571827,
            "exact_match": 0.7071129707112971
        },
        "deepseek-reasoner": {
            "f1": 0.8420502092050209,
            "exact_match": 0.7573221757322176
        },
        "gpt-4.1-nano": {
            "f1": 0.8415620641562064,
            "exact_match": 0.702928870292887
        },
        "gpt-4o-mini": {
            "f1": 0.6951185495118549,
            "exact_match": 0.28870292887029286
        },
        "gpt-5-mini": {
            "f1": 0.7869595536959553,
            "exact_match": 0.5794979079497908
        },
        "meta-llama/Llama-3.1-8B-Instruct": {
            "f1": 0.6405857740585775,
            "exact_match": 0.23221757322175732
        },
        "meta-llama/Llama-3.2-3B-Instruct": {
            "f1": 0.5710599721059972,
            "exact_match": 0.36610878661087864
        },
        "meta-llama/Llama-3.3-70B-Instruct": {
            "f1": 0.8405160390516039,
            "exact_match": 0.6861924686192469
        },
        "microsoft/Phi-4-mini-instruct": {
            "f1": 0.7744072524407252,
            "exact_match": 0.5125523012552301
        },
        "mistralai/Mistral-7B-Instruct-v0.3": {
            "f1": 0.8301952580195259,
            "exact_match": 0.8075313807531381
        },
        "mistralai/Mistral-Large-Instruct-2411": {
            "f1": 0.8563458856345886,
            "exact_match": 0.6924686192468619
        },
        "zai-org/GLM-4.5-Air": {
            "f1": 0.8488145048814505,
            "exact_match": 0.6694560669456067
        }
    }
}