{
    "Score": {
        "f1": 0.7319939393939393,
        "exact_match": 0.579090909090909
    },
    "Model": {
        "Qwen/Qwen3-8B": {
            "f1": 0.7474000000000001,
            "exact_match": 0.562
        },
        "Qwen/Qwen3-30B-A3B-Instruct-2507": {
            "f1": 0.8462000000000001,
            "exact_match": 0.72
        },
        "Qwen/Qwen3-32B": {
            "f1": 0.8143333333333334,
            "exact_match": 0.672
        },
        "Qwen/Qwen3-Next-80B-A3B-Instruct": {
            "f1": 0.8448,
            "exact_match": 0.704
        },
        "meta-llama/Llama-3.1-8B-Instruct": {
            "f1": 0.7519333333333332,
            "exact_match": 0.584
        },
        "meta-llama/Llama-3.2-3B-Instruct": {
            "f1": 0.20066666666666666,
            "exact_match": 0.094
        },
        "meta-llama/Llama-3.3-70B-Instruct": {
            "f1": 0.8065999999999999,
            "exact_match": 0.656
        },
        "microsoft/Phi-4-mini-instruct": {
            "f1": 0.7142000000000001,
            "exact_match": 0.384
        },
        "mistralai/Mistral-7B-Instruct-v0.3": {
            "f1": 0.7426666666666666,
            "exact_match": 0.732
        },
        "mistralai/Mistral-Large-Instruct-2411": {
            "f1": 0.8288,
            "exact_match": 0.65
        },
        "zai-org/GLM-4.5-Air": {
            "f1": 0.7543333333333334,
            "exact_match": 0.612
        }
    }
}