{
    "Correct Options Check": 28535.966471043,
    "Distrators Check": 47378.85340762601
}