{
    "Time": 3854.088132783072,
    "Question Generation": 344.89196031494066,
    "Correct Options Gen": 563.9079860539641,
    "Distractors Gen": 800.8529624480288,
    "Correct Options Check": 375.21154425805435,
    "Distrators Check": 1062.1454114951193,
    "Option Selection": 0.015867683105170727,
    "Difficulty Judging": 0.0025309950578957796,
    "Question Revision": 659.245913217077
}