{
    "Score": {
        "f1": 0.7205288796102993,
        "exact_match": 0.3945720250521921
    },
    "Model": {
        "gpt-4.1-nano": {
            "f1": 0.7798886569241475,
            "exact_match": 0.5532359081419624
        },
        "gpt-4o-mini": {
            "f1": 0.661169102296451,
            "exact_match": 0.2359081419624217
        }
    }
}