{
    "Score": {
        "f1": 0.7721427551991207,
        "exact_match": 0.6133665735368871
    },
    "Model": {
        "Qwen/Qwen3-32B": {
            "f1": 0.8379454926624736,
            "exact_match": 0.6855345911949685
        },
        "deepseek-reasoner": {
            "f1": 0.8086290883785664,
            "exact_match": 0.7265135699373695
        },
        "gpt-5-mini": {
            "f1": 0.7511482254697285,
            "exact_match": 0.5949895615866388
        },
        "microsoft/Phi-4-mini-instruct": {
            "f1": 0.6908482142857143,
            "exact_match": 0.44642857142857145
        }
    }
}