{
    "Score": {
        "f1": 0.8417364016736402,
        "exact_match": 0.6757322175732218
    },
    "Model": {
        "deepseek-reasoner": {
            "f1": 0.8957461645746164,
            "exact_match": 0.8179916317991632
        },
        "gpt-5-mini": {
            "f1": 0.7877266387726638,
            "exact_match": 0.5334728033472803
        }
    }
}