{
    "Score": {
        "f1": 0.8055657142857143,
        "exact_match": 0.6632
    },
    "Model": {
        "Qwen/Qwen3-8B": {
            "f1": 0.8429142857142857,
            "exact_match": 0.712
        },
        "Qwen/Qwen3-30B-A3B-Instruct-2507": {
            "f1": 0.8933142857142857,
            "exact_match": 0.784
        },
        "Qwen/Qwen3-32B": {
            "f1": 0.8889523809523809,
            "exact_match": 0.78
        },
        "meta-llama/Llama-3.1-8B-Instruct": {
            "f1": 0.8487809523809524,
            "exact_match": 0.668
        },
        "meta-llama/Llama-3.2-3B-Instruct": {
            "f1": 0.4736,
            "exact_match": 0.308
        },
        "meta-llama/Llama-3.3-70B-Instruct": {
            "f1": 0.8258809523809524,
            "exact_match": 0.676
        },
        "microsoft/Phi-4-mini-instruct": {
            "f1": 0.7722333333333333,
            "exact_match": 0.494
        },
        "mistralai/Mistral-7B-Instruct-v0.3": {
            "f1": 0.7361428571428571,
            "exact_match": 0.632
        },
        "mistralai/Mistral-Large-Instruct-2411": {
            "f1": 0.9103714285714286,
            "exact_match": 0.812
        },
        "zai-org/GLM-4.5-Air": {
            "f1": 0.8634666666666667,
            "exact_match": 0.766
        }
    }
}