{
    "Score": {
        "f1": 0.6525428571428572,
        "exact_match": 0.45257142857142857
    },
    "Model": {
        "Qwen/Qwen3-8B": {
            "f1": 0.6926666666666667,
            "exact_match": 0.502
        },
        "Qwen/Qwen3-30B-A3B-Instruct-2507": {
            "f1": 0.7196666666666667,
            "exact_match": 0.518
        },
        "meta-llama/Llama-3.1-8B-Instruct": {
            "f1": 0.6160666666666668,
            "exact_match": 0.252
        },
        "meta-llama/Llama-3.2-3B-Instruct": {
            "f1": 0.2650666666666667,
            "exact_match": 0.096
        },
        "microsoft/Phi-4-mini-instruct": {
            "f1": 0.7403333333333333,
            "exact_match": 0.436
        },
        "mistralai/Mistral-7B-Instruct-v0.3": {
            "f1": 0.8326666666666668,
            "exact_match": 0.806
        },
        "zai-org/GLM-4.5-Air": {
            "f1": 0.7013333333333333,
            "exact_match": 0.558
        }
    }
}