{
    "Score": {
        "f1": 0.879735171261487,
        "exact_match": 0.7673684210526315
    },
    "Model": {
        "gpt-4.1-nano": {
            "f1": 0.8551979949874686,
            "exact_match": 0.7684210526315789
        },
        "gpt-4o-mini": {
            "f1": 0.9042723475355054,
            "exact_match": 0.7663157894736842
        }
    }
}