{
    "Score": {
        "f1": 0.7992944444444445,
        "exact_match": 0.6738000000000001
    },
    "Model": {
        "Qwen/Qwen3-8B": {
            "f1": 0.8656,
            "exact_match": 0.764
        },
        "Qwen/Qwen3-30B-A3B-Instruct-2507": {
            "f1": 0.8927809523809523,
            "exact_match": 0.796
        },
        "Qwen/Qwen3-32B": {
            "f1": 0.8863857142857143,
            "exact_match": 0.768
        },
        "meta-llama/Llama-3.1-8B-Instruct": {
            "f1": 0.8563428571428572,
            "exact_match": 0.698
        },
        "meta-llama/Llama-3.2-3B-Instruct": {
            "f1": 0.387,
            "exact_match": 0.274
        },
        "meta-llama/Llama-3.3-70B-Instruct": {
            "f1": 0.8228095238095239,
            "exact_match": 0.696
        },
        "microsoft/Phi-4-mini-instruct": {
            "f1": 0.7795238095238095,
            "exact_match": 0.546
        },
        "mistralai/Mistral-7B-Instruct-v0.3": {
            "f1": 0.7421619047619047,
            "exact_match": 0.632
        },
        "mistralai/Mistral-Large-Instruct-2411": {
            "f1": 0.9114063492063492,
            "exact_match": 0.81
        },
        "zai-org/GLM-4.5-Air": {
            "f1": 0.8489333333333333,
            "exact_match": 0.754
        }
    }
}