{
    "Score": {
        "f1": 0.8179110376332648,
        "exact_match": 0.6512680838238423
    },
    "Model": {
        "Qwen/Qwen3-32B": {
            "f1": 0.8493026499302649,
            "exact_match": 0.7175732217573222
        },
        "deepseek-reasoner": {
            "f1": 0.8944211994421198,
            "exact_match": 0.8577405857740585
        },
        "gpt-5-mini": {
            "f1": 0.8313807531380752,
            "exact_match": 0.6589958158995816
        },
        "microsoft/Phi-4-mini-instruct": {
            "f1": 0.6965395480225989,
            "exact_match": 0.3707627118644068
        }
    }
}