{
    "Score": {
        "f1": 0.8260800061461363,
        "exact_match": 0.664926246365506
    },
    "Model": {
        "Qwen/Qwen3-32B": {
            "f1": 0.8650627615062761,
            "exact_match": 0.7364016736401674
        },
        "deepseek-reasoner": {
            "f1": 0.902510460251046,
            "exact_match": 0.8556485355648535
        },
        "gpt-5-mini": {
            "f1": 0.8370292887029289,
            "exact_match": 0.6778242677824268
        },
        "microsoft/Phi-4-mini-instruct": {
            "f1": 0.6997175141242937,
            "exact_match": 0.3898305084745763
        }
    }
}