{
    "Score": {
        "f1": 0.768870819246094,
        "exact_match": 0.5900151495556746
    },
    "Model": {
        "Qwen/Qwen3-32B": {
            "f1": 0.8191370911621434,
            "exact_match": 0.6304801670146137
        },
        "deepseek-reasoner": {
            "f1": 0.8086290883785664,
            "exact_match": 0.7035490605427975
        },
        "gpt-5-mini": {
            "f1": 0.7629088378566458,
            "exact_match": 0.6012526096033403
        },
        "microsoft/Phi-4-mini-instruct": {
            "f1": 0.6848082595870206,
            "exact_match": 0.4247787610619469
        }
    }
}