{
    "Score": {
        "f1": 0.8258560447239692,
        "exact_match": 0.7526205450733753
    },
    "Model": {
        "gpt-4.1-nano": {
            "f1": 0.8258560447239692,
            "exact_match": 0.7526205450733753
        }
    }
}