{
    "Score": {
        "f1": 0.7744769874476988,
        "exact_match": 0.5868200836820083
    },
    "Model": {
        "gpt-4.1-nano": {
            "f1": 0.7888423988842399,
            "exact_match": 0.6422594142259415
        },
        "gpt-4o-mini": {
            "f1": 0.7601115760111576,
            "exact_match": 0.5313807531380753
        }
    }
}