{
    "Score": {
        "f1": 0.824298874468104,
        "exact_match": 0.6599108102585969
    },
    "Model": {
        "Qwen/Qwen3-32B": {
            "f1": 0.8594839609483961,
            "exact_match": 0.7280334728033473
        },
        "deepseek-reasoner": {
            "f1": 0.898465829846583,
            "exact_match": 0.8577405857740585
        },
        "gpt-5-mini": {
            "f1": 0.8307531380753138,
            "exact_match": 0.6610878661087866
        },
        "microsoft/Phi-4-mini-instruct": {
            "f1": 0.7084925690021231,
            "exact_match": 0.39278131634819535
        }
    }
}