{
    "Score": {
        "f1": 0.8678870292887029,
        "exact_match": 0.7510460251046025
    },
    "Model": {
        "deepseek-reasoner": {
            "f1": 0.9087866108786611,
            "exact_match": 0.8682008368200836
        },
        "gpt-5-mini": {
            "f1": 0.8269874476987448,
            "exact_match": 0.6338912133891214
        }
    }
}