{
    "Score": {
        "f1": 0.7605927475592746,
        "exact_match": 0.5288702928870292
    },
    "Model": {
        "Qwen/Qwen3-8B": {
            "f1": 0.7634588563458855,
            "exact_match": 0.5083682008368201
        },
        "Qwen/Qwen3-30B-A3B-Instruct-2507": {
            "f1": 0.80697350069735,
            "exact_match": 0.5732217573221757
        },
        "Qwen/Qwen3-32B": {
            "f1": 0.8639470013947,
            "exact_match": 0.7426778242677824
        },
        "meta-llama/Llama-3.1-8B-Instruct": {
            "f1": 0.6695258019525802,
            "exact_match": 0.3179916317991632
        },
        "meta-llama/Llama-3.2-3B-Instruct": {
            "f1": 0.5114365411436541,
            "exact_match": 0.15690376569037656
        },
        "meta-llama/Llama-3.3-70B-Instruct": {
            "f1": 0.8247559274755928,
            "exact_match": 0.6506276150627615
        },
        "microsoft/Phi-4-mini-instruct": {
            "f1": 0.6780334728033474,
            "exact_match": 0.2489539748953975
        },
        "mistralai/Mistral-7B-Instruct-v0.3": {
            "f1": 0.8075313807531381,
            "exact_match": 0.7887029288702929
        },
        "mistralai/Mistral-Large-Instruct-2411": {
            "f1": 0.8441422594142259,
            "exact_match": 0.6443514644351465
        },
        "zai-org/GLM-4.5-Air": {
            "f1": 0.8361227336122733,
            "exact_match": 0.6569037656903766
        }
    }
}