{
    "Score": {
        "f1": 0.8352095192773896,
        "exact_match": 0.6756626322121859
    },
    "Model": {
        "Qwen/Qwen3-32B": {
            "f1": 0.8815899581589958,
            "exact_match": 0.7677824267782427
        },
        "deepseek-reasoner": {
            "f1": 0.9024407252440726,
            "exact_match": 0.8535564853556485
        },
        "gpt-5-mini": {
            "f1": 0.8384239888423989,
            "exact_match": 0.6757322175732218
        },
        "microsoft/Phi-4-mini-instruct": {
            "f1": 0.7183834048640916,
            "exact_match": 0.4055793991416309
        }
    }
}