{
    "Score": {
        "f1": 0.7965901183020181,
        "exact_match": 0.6597077244258873
    },
    "Model": {
        "deepseek-reasoner": {
            "f1": 0.8044537230340989,
            "exact_match": 0.7202505219206681
        },
        "gpt-5-mini": {
            "f1": 0.7887265135699374,
            "exact_match": 0.5991649269311065
        }
    }
}