{
    "Score": {
        "f1": 0.7700382460447622,
        "exact_match": 0.5933661381382664
    },
    "Model": {
        "Qwen/Qwen3-32B": {
            "f1": 0.8301187980433263,
            "exact_match": 0.6624737945492662
        },
        "deepseek-reasoner": {
            "f1": 0.797071129707113,
            "exact_match": 0.700836820083682
        },
        "gpt-5-mini": {
            "f1": 0.7695198329853863,
            "exact_match": 0.5991649269311065
        },
        "microsoft/Phi-4-mini-instruct": {
            "f1": 0.6834432234432235,
            "exact_match": 0.41098901098901097
        }
    }
}