{
    "Score": {
        "f1": 0.708690909090909,
        "exact_match": 0.5149090909090909
    },
    "Model": {
        "Qwen/Qwen3-8B": {
            "f1": 0.708,
            "exact_match": 0.5
        },
        "Qwen/Qwen3-30B-A3B-Instruct-2507": {
            "f1": 0.7697999999999999,
            "exact_match": 0.568
        },
        "Qwen/Qwen3-32B": {
            "f1": 0.7507999999999999,
            "exact_match": 0.524
        },
        "Qwen/Qwen3-Next-80B-A3B-Instruct": {
            "f1": 0.8013333333333332,
            "exact_match": 0.638
        },
        "meta-llama/Llama-3.1-8B-Instruct": {
            "f1": 0.6941333333333334,
            "exact_match": 0.382
        },
        "meta-llama/Llama-3.2-3B-Instruct": {
            "f1": 0.28626666666666667,
            "exact_match": 0.096
        },
        "meta-llama/Llama-3.3-70B-Instruct": {
            "f1": 0.8205999999999999,
            "exact_match": 0.64
        },
        "microsoft/Phi-4-mini-instruct": {
            "f1": 0.7160666666666666,
            "exact_match": 0.402
        },
        "mistralai/Mistral-7B-Instruct-v0.3": {
            "f1": 0.8116666666666668,
            "exact_match": 0.8
        },
        "mistralai/Mistral-Large-Instruct-2411": {
            "f1": 0.8012666666666667,
            "exact_match": 0.588
        },
        "zai-org/GLM-4.5-Air": {
            "f1": 0.6356666666666666,
            "exact_match": 0.526
        }
    }
}