{
    "Score": {
        "f1": 0.723312456506611,
        "exact_match": 0.38622129436325675
    },
    "Model": {
        "gpt-4.1-nano": {
            "f1": 0.7914405010438413,
            "exact_match": 0.5594989561586639
        },
        "gpt-4o-mini": {
            "f1": 0.6551844119693807,
            "exact_match": 0.21294363256784968
        }
    }
}